,lat,long,max_temp,humidity,wind_speed,clouds,country,dt,is_south
gushikawa,26.3544,127.8686,70.83,72,4.6292139500000005,34,Japan,1635184942,0
punta arenas,-53.15,-70.9167,42.82,70,7.35081893,40,Chile,1635184753,1
west wendover,40.7391,-114.0733,60.94,50,2.97015338,100,United States of America,1635184887,0
cape town,-33.9258,18.4232,68.34,63,0.8326371400000001,13,South Africa,1635184933,1
busselton,-33.65,115.3333,41.04,71,1.21788716,73,Australia,1635184942,1
ngunguru,-35.6167,174.5,60.17,87,1.1184678000000001,100,New Zealand,1635184859,1
umm kaddadah,13.6017,26.6876,88.63,17,3.39268566,37,Sudan,1635184943,0
mataura,-46.1927,168.8643,50.47,97,0.73943149,98,New Zealand,1635184943,1
severo-kurilsk,50.6789,156.125,38.84,83,2.87694773,21,Russian Federation,1635184943,0
buckeye,33.3703,-112.5838,85.69,39,2.87694773,0,United States of America,1635184943,0
kavieng,-2.5744,150.7967,81.16,76,1.16196377,12,Papua New Guinea,1635184894,1
anadyr,64.75,177.4833,-12.26,96,2.55383481,81,Russian Federation,1635184944,0
hervey bay,-25.2986,152.8535,71.04,90,2.21829447,100,Australia,1635184944,1
nicoya,10.1483,-85.452,84.04,76,0.47224196,19,Costa Rica,1635184944,0
irituia,-1.7711,-47.4381,91.29,50,1.44158072,72,Brazil,1635184945,1
becerril,9.7041,-73.2793,88.74,64,1.0811855400000001,28,Colombia,1635184945,0
comodoro rivadavia,-45.8667,-67.5,62.2,25,6.816439870000001,46,Argentina,1635184801,1
puerto ayora,-0.7393,-90.3518,68.56,94,0.8326371400000001,59,Ecuador,1635184945,1
kutum,14.2,24.6667,79.54,18,3.4610364700000003,82,Sudan,1635184946,0
balikpapan,-1.2675,116.8289,75.34,91,1.0625444099999999,72,Indonesia,1635184946,1
katsuura,35.1333,140.3,59.02,96,7.84170202,100,Japan,1635184946,0
faanui,-16.4833,-151.75,78.8,76,1.60313718,98,French Polynesia,1635184947,1
porbandar,21.6422,69.6093,78.66,54,3.03229048,1,India,1635184947,0
gat,31.61,34.7642,70.81,100,2.06295172,1,Israel,1635184803,0
georgetown,5.4112,100.3354,81.9,86,0.0,20,Malaysia,1635184819,0
oranjemund,-28.55,16.4333,61.7,73,3.11306871,42,Namibia,1635184753,1
ilinskiy,55.619,38.1182,36.18,69,1.242742,0,Russian Federation,1635184947,0
nara,34.6851,135.8049,60.08,85,0.39146373,78,Japan,1635184720,0
port elizabeth,-33.918,25.5701,64.09,80,4.7037784700000005,1,South Africa,1635184948,1
berdigestyakh,62.0989,126.6992,32.29,99,1.03147586,100,Russian Federation,1635184948,0
atuona,-9.8,-139.0333,77.25,77,4.37445184,68,French Polynesia,1635184948,1
klaksvik,62.2266,-6.589,43.72,80,3.6039518,94,Faroe Islands,1635184809,0
rikitea,-23.1203,-134.9692,74.62,73,5.530201900000001,100,French Polynesia,1635184722,1
hermanus,-34.4187,19.2345,61.81,76,4.38066555,70,South Africa,1635184949,1
lebu,-37.6167,-73.65,57.43,73,3.5045324399999997,26,Chile,1635184949,1
kapaa,22.0752,-159.319,74.19,99,3.6163792200000002,43,United States of America,1635184949,0
vila franca do campo,37.7167,-25.4333,70.21,71,0.8077823000000001,81,Portugal,1635184950,0
bredasdorp,-34.5322,20.0403,61.92,77,3.19384694,56,South Africa,1635184731,1
bluff,-46.6,168.3333,51.31,93,1.96974607,91,New Zealand,1635184950,1
sambava,-14.2667,50.1667,75.34,80,2.7775283699999997,20,Madagascar,1635184950,1
barrow,71.2906,-156.7887,24.85,92,3.57288325,100,United States of America,1635184775,0
gejiu,23.306,103.1635,50.05,97,1.0811855400000001,77,China,1635184951,0
jamestown,42.097,-79.2353,69.12,65,2.49791142,75,United States of America,1635184951,0
thompson,55.7435,-97.8558,33.96,93,0.64001213,75,Canada,1635184776,0
yermish,54.7678,42.2711,30.06,78,1.96974607,80,Russian Federation,1635184951,0
winnemucca,40.973,-117.7357,41.05,93,2.87694773,90,United States of America,1635184952,0
krasnoselkup,65.7,82.4667,15.19,93,2.72160498,97,Russian Federation,1635184952,0
vaini,-21.2,-175.2,74.25,69,3.77793568,10,Tonga,1635184952,1
ushuaia,-54.8,-68.3,37.22,75,5.60476642,85,Argentina,1635184953,1
saint-philippe,-21.3585,55.7679,74.79,83,4.19425425,32,Réunion,1635184954,1
lubao,14.9167,120.55,77.14,85,0.83885085,85,Philippines,1635184728,0
charters towers,-20.1,146.2667,70.39,85,2.69675014,98,Australia,1635184954,1
tuatapere,-46.1333,167.6833,51.71,97,0.38525002,74,New Zealand,1635184954,1
cap malheureux,-19.9842,57.6142,74.46,70,1.9448912299999999,24,Mauritius,1635184955,1
torbay,47.6666,-52.7314,43.57,87,5.75389546,90,Canada,1635184727,0
bengkulu,-3.8004,102.2655,74.82,91,1.05011699,100,Indonesia,1635184955,1
zhumadian,32.9794,114.0294,55.65,72,1.01283473,86,China,1635184827,0
carnarvon,-24.8667,113.6333,64.02,57,4.05133892,79,Australia,1635184955,1
upernavik,72.7868,-56.1549,14.83,63,1.6217783099999998,19,Greenland,1635184956,0
likasi,-10.9814,26.7333,68.29,74,0.96312505,99,"Congo, Democratic Republic of the",1635184956,1
zhigansk,66.7697,123.3711,21.47,96,2.37363722,100,Russian Federation,1635184956,0
albany,42.6001,-73.9662,64.58,91,1.2613831299999998,100,United States of America,1635184666,0
corowa,-36.0333,146.3833,40.28,90,0.8450645600000001,0,Australia,1635184957,1
ixtapa,20.7,-105.2,86.23,74,1.11225409,99,Mexico,1635184767,0
isla del bosque,22.7333,-105.85,89.64,69,1.11225409,40,Mexico,1635184957,0
bilibino,68.0546,166.4372,-18.9,95,0.88234682,83,Russian Federation,1635184782,0
vostok,46.4856,135.8833,32.23,77,1.35458878,17,Russian Federation,1635184957,0
hobart,-42.8794,147.3294,49.86,81,2.2369356000000002,90,Australia,1635184803,1
kashi,39.4547,75.9797,48.06,40,0.64622584,100,China,1635184958,0
port alfred,-33.5906,26.891,64.33,80,5.840887400000001,53,South Africa,1635184958,1
huarmey,-10.0681,-78.1522,69.78,68,3.4051130800000005,19,Peru,1635184958,1
porto santo,33.072,-16.3415,70.18,73,4.4738712000000005,75,Portugal,1635184959,0
atagay,55.1033,99.3875,41.18,73,1.73362509,99,Russian Federation,1635184959,0
nioro,13.35,-15.75,82.29,75,0.73943149,97,Gambia,1635184959,0
yellowknife,62.456,-114.3525,39.42,99,3.61016551,72,Canada,1635184821,0
sept-iles,50.2001,-66.3821,48.06,72,1.39187104,11,Canada,1635184960,0
padang,-0.9492,100.3543,77.05,89,0.70214923,100,Indonesia,1635184960,1
cockburn town,21.4612,-71.1419,83.16,72,4.38687926,16,Turks and Caicos Islands,1635184960,0
sao felix do xingu,-6.6447,-51.995,89.04,54,0.57166132,96,Brazil,1635184866,1
san patricio,28.017,-97.5169,90.01,48,2.01945575,6,United States of America,1635184787,0
qaanaaq,77.484,-69.3632,-2.02,59,3.7344397099999997,16,Greenland,1635184961,0
chupa,66.27,33.0549,31.21,97,2.64704046,100,Russian Federation,1635184961,0
kruisfontein,-34.0033,24.7314,61.88,83,3.44860905,1,South Africa,1635184783,1
thunder bay,48.4001,-89.3168,46.29,71,1.6652742800000002,52,Canada,1635184961,0
provideniya,64.3833,-173.3,15.6,85,2.0505242999999997,70,Russian Federation,1635184962,0
sao manuel,-22.7311,-48.5706,78.08,51,1.17439119,83,Brazil,1635184806,1
kodiak,57.79,-152.4072,40.51,81,1.92003639,90,United States of America,1635184962,0
labuhan,-6.8844,112.2051,79.66,77,1.98217349,43,Indonesia,1635184962,1
lanxi,29.2195,119.477,55.27,89,0.6648669700000001,1,China,1635184963,0
butaritari,3.0707,172.7902,81.57,73,1.6217783099999998,6,Kiribati,1635184735,0
xiashi,30.5363,120.6864,64.99,77,1.6155646000000001,96,China,1635184963,0
traverse city,44.7631,-85.6206,49.73,82,5.11388333,90,United States of America,1635184963,0
tuktoyaktuk,69.4541,-133.0374,28.4,100,1.92003639,90,Canada,1635184963,0
salym,60.0625,71.4789,36.39,97,2.10644769,100,Russian Federation,1635184964,0
avarua,-21.2078,-159.775,73.45,64,3.19384694,69,Cook Islands,1635184964,1
lagoa,39.05,-27.9833,66.92,72,2.21208076,68,Portugal,1635184760,0
marzuq,14.4,46.4667,73.33,58,1.28623797,1,Yemen,1635184965,0
port-cartier,50.0334,-66.8654,47.75,48,0.24233469000000002,21,Canada,1635184965,0
wegrow,52.3995,22.0163,45.55,63,2.5289799700000004,52,Poland,1635184965,0
lusambo,-4.9667,23.45,71.37,98,0.7456452,99,"Congo, Democratic Republic of the",1635184966,1
mar del plata,-38.0023,-57.5575,71.62,36,4.16939941,0,Argentina,1635184800,1
denpasar,-8.65,115.2167,78.46,83,0.31689921,40,Indonesia,1635184864,1
banapur,19.7833,85.1833,76.19,74,1.1806049,6,India,1635184966,0
yashalta,46.3395,42.2762,41.92,48,2.06916543,93,Russian Federation,1635184966,0
mao,39.8885,4.2658,63.16,82,1.59692347,20,Spain,1635184925,0
surt,31.2089,16.5887,74.7,70,3.0882138699999997,11,Libya,1635184967,0
rio gallegos,-51.6226,-69.2181,50.05,27,11.19089171,40,Argentina,1635184719,1
berlin,52.5244,13.4105,49.98,81,1.6652742800000002,0,Germany,1635184869,0
rabo de peixe,37.8,-25.5833,69.31,73,1.92003639,20,Portugal,1635184967,0
havelock,34.8791,-76.9013,74.05,87,0.55302019,100,United States of America,1635184967,0
saldanha,-33.0117,17.9442,61.61,82,3.8462864900000002,1,South Africa,1635184968,1
pocinhos,-7.0767,-36.0611,89.89,29,4.7037784700000005,27,Brazil,1635184690,1
campbellton,48.0075,-66.6727,49.8,65,1.9262501,84,Canada,1635184968,0
karratha,-20.7377,116.8463,77.43,40,3.6163792200000002,6,Australia,1635184968,1
mount isa,-20.7333,139.5,74.97,53,0.0,75,Australia,1635184969,1
nikolskoye,59.7035,30.7861,47.88,83,3.25598404,100,Russian Federation,1635184969,0
khao yoi,13.2403,99.8243,74.91,91,1.33594765,62,Thailand,1635184969,0
barcelona,41.3888,2.159,67.84,82,0.27961695000000003,20,Spain,1635184812,0
shimoda,34.6667,138.95,56.1,89,7.84170202,100,Japan,1635184970,0
taltal,-25.4,-70.4833,62.82,70,1.09361296,29,Chile,1635184970,1
shieli,44.1667,66.75,53.42,31,2.5786896500000003,1,Kazakhstan,1635184970,0
mulege,26.8833,-111.9833,84.99,35,1.3110928099999999,0,Mexico,1635184971,0
bhiwani,28.7833,76.1333,72.27,51,1.77712106,0,India,1635184971,0
teya,60.3778,92.6267,34.27,95,3.0695727400000004,100,Russian Federation,1635184872,0
hasaki,35.7333,140.8333,59.4,88,7.10848424,100,Japan,1635184971,0
ponta do sol,32.6667,-17.1,72.72,69,1.38565733,78,Portugal,1635184971,0
ust-nera,64.5667,143.2,5.81,99,0.77671375,100,Russian Federation,1635184972,0
fuling,29.7022,107.3919,61.66,84,0.22990727,100,China,1635184972,0
phuket,8,98.25,86.09,94,0.64001213,20,Thailand,1635184952,0
castro,-24.7911,-50.0119,69.03,65,0.88234682,89,Brazil,1635184972,1
korla,41.7597,86.1469,49.12,39,0.73943149,0,China,1635184973,0
kodinsk,58.6881,99.1844,42.75,94,4.54222201,100,Russian Federation,1635184973,0
koungou,-12.7336,45.2042,80.31,83,2.87694773,0,Mayotte,1635184973,1
airai,-8.9266,125.4092,61.2,91,0.08699194,61,Timor-Leste,1635184973,1
kaeo,-35.1,173.7833,60.33,96,0.72079036,50,New Zealand,1635184974,1
hilo,19.7297,-155.09,75.61,89,1.59692347,90,United States of America,1635184933,0
hithadhoo,-0.6,73.0833,82.85,74,3.84007278,94,Maldives,1635184974,1
coihaique,-45.5752,-72.0662,50.61,71,2.56004852,90,Chile,1635184974,1
kaitangata,-46.2817,169.8464,51.51,87,1.69634283,98,New Zealand,1635184975,1
tessalit,20.1986,1.0114,91.72,16,4.0886211800000005,77,Mali,1635184975,0
saint-joseph,-21.3667,55.6167,73.78,80,3.67230261,31,Réunion,1635184975,1
grindavik,63.8424,-22.4338,39.67,81,1.59692347,75,Iceland,1635184976,0
east london,-33.0153,27.9116,65.34,72,3.51695986,20,South Africa,1635184779,1
alice springs,-23.7,133.8833,74.75,38,1.59692347,13,Australia,1635184976,1
cherskiy,68.75,161.3,-16.4,98,0.5592339000000001,97,Russian Federation,1635184976,0
ribeira grande,38.5167,-28.7,70.2,73,3.51695986,75,Portugal,1635184785,0
dikson,73.5069,80.5464,12.92,87,5.3127220500000005,100,Russian Federation,1635184759,0
khatanga,71.9667,102.5,6.21,96,2.51033884,100,Russian Federation,1635184977,0
victoria,22.2855,114.1577,75.33,78,0.27961695000000003,97,Hong Kong,1635184694,0
cabo san lucas,22.8909,-109.9124,87.62,61,1.28002426,1,Mexico,1635184977,0
chifeng,42.2683,118.9636,48.07,43,1.9448912299999999,99,China,1635184977,0
albanel,48.8832,-72.4487,47.53,58,1.1184678000000001,31,Canada,1635184978,0
yashkul,46.1711,45.3435,43.72,40,3.0695727400000004,80,Russian Federation,1635184978,0
qui nhon,13.7667,109.2333,76.71,89,4.98339542,100,Viet Nam,1635184978,0
komsomolskiy,40.4272,71.7189,49.42,49,2.56004852,0,Uzbekistan,1635184979,0
palmer,42.1584,-72.3287,56.91,85,0.27961695000000003,90,United States of America,1635184979,0
guerrero negro,27.9769,-114.0611,70.05,65,3.7406534199999997,27,Mexico,1635184979,0
feijo,-8.1642,-70.3536,76.08,76,1.6901291200000002,100,Brazil,1635184980,1
iralaya,15,-83.2333,89.69,76,2.57247594,6,Honduras,1635184980,0
byron bay,-28.65,153.6167,70.88,82,2.21208076,100,Australia,1635184737,1
tiksi,71.6872,128.8694,2.7,95,1.23652829,100,Russian Federation,1635184980,0
log,49.4844,43.8613,33.58,62,1.8703267099999998,31,Russian Federation,1635184981,0
bambous virieux,-20.3428,57.7575,74.21,70,4.65406879,15,Mauritius,1635184982,1
malia,35.2833,25.4667,65.82,72,2.6843227200000004,98,Greece,1635184982,0
leningradskiy,69.3833,178.4167,6.57,94,3.86492762,100,Russian Federation,1635184983,0
north bend,43.4065,-124.2243,56.25,88,4.67892363,71,United States of America,1635184826,0
carinhanha,-14.3047,-43.765,89.51,46,1.3421613600000002,88,Brazil,1635184984,1
henties bay,-22.116,14.2845,60.85,87,1.35458878,0,Namibia,1635184883,1
lempaala,61.3167,23.75,45.25,81,2.87694773,75,Finland,1635184984,0
gorom-gorom,14.4439,-0.2361,97.21,16,1.76469364,18,Burkina Faso,1635184985,0
capul,12.4237,124.1811,80.92,82,3.7965768100000004,96,Philippines,1635184985,0
dhidhdhoo,6.8833,73.1,82.13,77,2.5289799700000004,98,Maldives,1635184985,0
plaridel,14.8872,120.8572,77.11,84,0.94448392,98,Philippines,1635184985,0
constitucion,-35.3333,-72.4167,66.47,56,5.80360514,72,Chile,1635184888,1
maragogi,-9.0122,-35.2225,82.42,61,3.05714532,21,Brazil,1635184986,1
isangel,-19.55,169.2667,73.92,85,2.95151225,37,Vanuatu,1635184986,1
victor harbor,-35.5667,138.6167,59.09,75,2.7340324000000003,2,Australia,1635184986,1
rujiena,57.8975,25.3316,38.05,74,2.89558886,56,Latvia,1635184987,0
chuy,-33.6971,-53.4616,79.07,44,5.18223414,0,Uruguay,1635184987,1
chokurdakh,70.6333,147.9167,-20.49,100,0.08077823,95,Russian Federation,1635184987,0
la asuncion,11.0333,-63.8628,78.31,85,3.42375421,100,"Venezuela, Bolivarian Republic of",1635184987,0
ahipara,-35.1667,173.1667,56.25,90,0.54680648,2,New Zealand,1635184891,1
san quintin,30.4833,-115.95,67.33,68,3.03850419,73,Mexico,1635184988,0
nouadhibou,20.931,-17.0347,71.17,76,4.91504461,99,Mauritania,1635184988,0
porto novo,6.4965,2.6036,79.63,84,1.48507669,86,Benin,1635184988,0
shaping,22.7545,112.9565,68.95,69,1.23031458,4,China,1635184989,0
masvingo,-20.0637,30.8277,62.44,87,2.64082675,58,Zimbabwe,1635184989,1
saskylakh,71.9167,114.0833,-10.23,99,0.63379842,99,Russian Federation,1635184989,0
narsaq,60.9167,-46.05,30.42,44,0.44117341,17,Greenland,1635184990,0
new norfolk,-42.7826,147.0587,49.5,97,0.37903631,40,Australia,1635184990,1
aripuana,-9.1667,-60.6333,88.83,54,0.77671375,98,Brazil,1635184990,1
richards bay,-28.783,32.0377,64.45,87,1.3110928099999999,100,South Africa,1635184991,1
shunyi,40.125,116.6453,50.85,100,0.621371,99,China,1635184991,0
superior,46.7208,-92.1041,49.48,85,3.83385907,90,United States of America,1635184920,0
storsteinnes,69.2408,19.2344,31.78,91,1.4912904,99,Norway,1635184991,0
severo-yeniseyskiy,60.3725,93.0408,32.95,97,3.55424212,100,Russian Federation,1635184992,0
atikokan,48.7555,-91.6216,43.2,52,1.4602218500000002,13,Canada,1635184992,0
cayenne,4.9333,-52.3333,80.64,91,0.55302019,90,French Guiana,1635184804,0
san luis,-33.295,-66.3356,92.28,10,2.13751624,0,Argentina,1635184807,1
yarada,17.65,83.2667,79.12,83,0.64001213,40,India,1635184992,0
chipiona,36.7366,-6.437,72.3,73,1.92003639,0,Spain,1635184992,0
dongsheng,39.8161,109.9776,41.47,40,2.4668428700000002,98,China,1635184993,0
stokmarknes,68.5646,14.9108,42.49,93,2.2369356000000002,90,Norway,1635184993,0
puerto carreno,6.189,-67.4859,92.48,49,2.0878065599999998,52,Colombia,1635184993,0
havre-saint-pierre,50.2334,-63.5986,47.19,53,2.2431493099999997,36,Canada,1635184994,0
makaryev,57.8797,43.8069,31.87,73,3.03229048,100,Russian Federation,1635184994,0
kudahuvadhoo,2.6708,72.8944,83.05,74,4.11347602,86,Maldives,1635184994,0
mikhaylovka,50.06,43.2379,32.22,63,1.8081896100000001,32,Russian Federation,1635184995,0
myaundzha,63.0494,147.1858,-7.15,99,0.6648669700000001,61,Russian Federation,1635184995,0
miri,4.4148,114.0089,79.34,84,0.8512782700000001,97,Malaysia,1635184995,0
cidreira,-30.1811,-50.2056,75.38,48,1.26759684,0,Brazil,1635184995,1
haines junction,60.7522,-137.5108,26.67,88,0.22369355999999999,100,Canada,1635184996,0
te anau,-45.4167,167.7167,51.03,98,0.1864113,82,New Zealand,1635184996,1
tura,25.5198,90.2201,66.87,94,0.75807262,0,India,1635184797,0
takoradi,4.8845,-1.7554,79.3,86,3.0136493499999997,49,Ghana,1635184996,0
kahului,20.8947,-156.47,78.84,77,3.19384694,20,United States of America,1635184997,0
harwich,51.9419,1.2844,55.56,84,1.11225409,39,United Kingdom of Great Britain and Northern Ireland,1635184700,0
manokwari,-0.8667,134.0833,78.53,74,0.7456452,97,Indonesia,1635184997,1
sorland,67.667,12.6934,48.06,95,3.3056937200000003,100,Norway,1635184997,0
rocha,-34.4833,-54.3333,78.01,46,4.19425425,0,Uruguay,1635184998,1
bayir,37.2687,28.2167,59.52,58,0.81399601,91,Turkey,1635184998,0
pipar,26.3856,73.5378,74.19,44,2.07537914,21,India,1635184998,0
sandpoint,48.2766,-116.5533,49.44,90,0.0,75,United States of America,1635184756,0
biak,-0.9131,122.8766,76.86,87,0.36039518,78,Indonesia,1635184744,1
bethel,41.3712,-73.414,72.91,81,0.55302019,20,United States of America,1635184999,0
saurimo,-9.6608,20.3916,66.88,90,0.7518589099999999,83,Angola,1635184999,1
dingle,10.9995,122.6711,75.31,91,1.16817748,100,Philippines,1635184999,0
north myrtle beach,33.816,-78.68,77.25,82,0.27961695000000003,90,United States of America,1635184999,0
lorengau,-2.0226,147.2712,81.23,77,1.23031458,37,Papua New Guinea,1635185000,1
darhan,49.4867,105.9228,34.93,74,2.19343963,7,Mongolia,1635185000,0
hirara,24.8,125.2833,76.41,66,5.7103994899999995,13,Japan,1635185000,0
phan thiet,10.9333,108.1,77.0,88,0.65865326,100,Viet Nam,1635184854,0
yuanping,38.7153,112.7575,50.0,52,0.8699194,68,China,1635185001,0
bathsheba,13.2167,-59.5167,83.5,68,5.7787503000000005,100,Barbados,1635185001,0
luderitz,-26.6481,15.1594,59.59,81,1.28623797,9,Namibia,1635185001,1
ancud,-41.8697,-73.8203,57.42,86,3.36161711,100,Chile,1635185001,1
coquimbo,-29.9533,-71.3436,61.77,73,2.93908483,18,Chile,1635184888,1
talnakh,69.4865,88.3972,18.97,96,2.14372995,100,Russian Federation,1635184842,0
ozernovskiy,51.5,156.5167,39.42,83,3.03229048,83,Russian Federation,1635185002,0
iqaluit,63.7506,-68.5145,32.7,69,1.6652742800000002,94,Canada,1635185002,0
jogindarnagar,31.9833,76.7667,57.99,46,1.6901291200000002,0,India,1635185003,0
canton,23.1167,113.25,69.01,66,1.35458878,18,China,1635184863,0
vodnyy,63.5046,53.4095,23.25,98,0.93827021,93,Russian Federation,1635185003,0
arman,59.7,150.1667,22.15,73,1.09361296,51,Russian Federation,1635185003,0
adrar,20.5022,-10.0711,91.98,17,1.7895484799999999,18,Mauritania,1635185003,0
steamboat springs,40.485,-106.8317,65.91,43,0.0,40,United States of America,1635185004,0
copiapo,-27.3667,-70.3333,60.49,29,2.06916543,2,Chile,1635185004,1
wanxian,30.8039,108.3897,64.27,78,0.47224196,100,China,1635185004,0
yulara,-25.2406,130.9889,73.24,31,1.28002426,54,Australia,1635185005,1
los llanos de aridane,28.6585,-17.9182,69.55,72,2.22450818,75,Spain,1635185005,0
weligama,5.9667,80.4167,76.66,92,2.0815928500000003,100,Sri Lanka,1635185005,0
camacha,33.0833,-16.3333,67.42,73,4.4738712000000005,75,Portugal,1635185005,0
saint-leu,-21.15,55.2833,74.26,93,0.73943149,24,Réunion,1635185006,1
oktyabrskoye,43.0645,44.7417,35.74,100,1.8641130000000001,100,Russian Federation,1635185006,0
westport,41.1415,-73.3579,75.09,84,0.55302019,1,United States of America,1635185006,0
broome,42.2506,-75.833,73.71,59,0.55302019,1,United States of America,1635185007,0
razole,16.4833,81.8333,74.44,84,0.77671375,34,India,1635185007,0
juneau,58.3019,-134.4197,42.84,87,1.2738105499999999,99,United States of America,1635184930,0
moose factory,51.2585,-80.6094,40.98,100,1.59692347,90,Canada,1635185007,0
ossora,59.2353,163.0719,27.07,82,2.6718953,100,Russian Federation,1635185007,0
arraial do cabo,-22.9661,-42.0278,71.46,73,2.2369356000000002,75,Brazil,1635185008,1
korem,12.5058,39.5228,57.42,54,0.8699194,34,Ethiopia,1635185008,0
itaquyry,-24.9333,-55.2167,86.22,36,1.01904844,0,Paraguay,1635185008,1
coria,39.9879,-6.5377,66.45,41,0.53437906,72,Spain,1635185009,0
haapiti,-17.5667,-149.8667,78.53,72,0.09320565,95,French Polynesia,1635185009,1
northam,51.0333,-4.2167,55.02,86,3.17520581,42,United Kingdom of Great Britain and Northern Ireland,1635185009,0
krutikha,53.9599,81.2093,43.79,60,1.36080249,97,Russian Federation,1635185009,0
tasiilaq,65.6145,-37.6368,33.96,82,5.865742239999999,100,Greenland,1635185010,0
margate,51.3813,1.3862,55.96,88,1.39187104,24,United Kingdom of Great Britain and Northern Ireland,1635184853,0
sechelt,49.4664,-123.7694,53.64,87,4.02648408,100,Canada,1635185010,0
ardakan,32.31,54.0175,62.98,20,0.26097581999999997,0,"Iran, Islamic Republic of",1635185010,0
fortuna,40.5982,-124.1573,57.97,68,0.27961695000000003,40,United States of America,1635185011,0
poum,-20.2333,164.0167,74.07,72,4.36202442,9,New Caledonia,1635185011,1
mto wa mbu,-3.35,35.85,80.69,39,2.26800415,91,"Tanzania, United Republic of",1635185011,1
visnes,59.3556,5.2242,53.58,82,5.43699625,75,Norway,1635185012,0
waipawa,-41.4122,175.5153,57.04,88,1.64663315,25,New Zealand,1635185012,1
togur,58.3631,82.8265,35.91,76,1.69634283,99,Russian Federation,1635185012,0
stephenville,32.2207,-98.2023,84.67,61,0.0,1,United States of America,1635185012,0
port-gentil,-0.7193,8.7815,77.27,91,3.98920182,100,Gabon,1635185013,1
bontang,0.1333,117.5,77.0,87,0.98176618,44,Indonesia,1635184811,0
jiazi,22.8779,116.067,71.76,73,4.77212928,80,China,1635185013,0
hit,33.6416,42.8251,73.76,26,1.9013952600000001,0,Iraq,1635185013,0
havre,49.5833,0.3333,56.97,82,3.51695986,90,France,1635185014,0
fairbanks,64.8378,-147.7164,28.36,91,0.0,90,United States of America,1635185014,0
port lincoln,-34.7333,135.8667,57.74,79,3.6039518,9,Australia,1635184821,1
kouango,4.9934,19.9619,77.04,84,0.6648669700000001,39,Central African Republic,1635185014,0
port blair,11.6667,92.75,80.1,84,1.99460091,34,India,1635185015,0
sao joao da barra,-21.6403,-41.0511,75.29,77,3.3554034,83,Brazil,1635185015,1
eureka,40.8021,-124.1637,58.24,88,2.22450818,37,United States of America,1635184913,0
hailey,43.5196,-114.3153,42.66,100,3.19384694,90,United States of America,1635185015,0
sabang,5.8933,95.3214,81.41,77,1.74605251,89,Indonesia,1635185016,0
caxito,-8.5785,13.6643,78.84,72,1.6777017,100,Angola,1635185016,1
broken hill,-31.95,141.4333,53.89,30,2.28043157,0,Australia,1635184856,1
muyezerskiy,63.9333,31.65,34.25,100,1.06875812,100,Russian Federation,1635185016,0
tautira,-17.7333,-149.15,78.82,79,0.86370569,88,French Polynesia,1635185017,1
rorvik,64.8621,11.2373,46.51,100,1.92003639,75,Norway,1635185017,0
salumbar,24.1333,74.05,77.16,56,1.16817748,88,India,1635185017,0
brae,60.3964,-1.353,49.91,84,4.01405666,79,United Kingdom of Great Britain and Northern Ireland,1635185017,0
longview,32.5007,-94.7405,86.25,42,0.27961695000000003,20,United States of America,1635184896,0
foso,5.7012,-1.2866,76.44,94,1.21788716,72,Ghana,1635185018,0
flinders,-34.5833,150.8552,56.48,81,1.48507669,24,Australia,1635184748,1
villa altagracia,18.673,-70.171,87.35,53,1.41051217,29,Dominican Republic,1635185018,0
along,28.1667,94.7667,63.37,97,0.5778750300000001,64,India,1635184887,0
ampanihy,-24.7,44.75,74.88,81,2.13751624,1,Madagascar,1635185018,1
beringovskiy,63.05,179.3167,10.72,77,1.60313718,100,Russian Federation,1635185019,0
dzhebariki-khaya,62.2167,135.8,24.42,98,0.75807262,99,Russian Federation,1635185019,0
muros,42.7762,-9.0603,62.24,87,2.2990727,17,Spain,1635184879,0
ufa,54.775,56.0375,33.17,77,4.3309558699999995,99,Russian Federation,1635184819,0
motygino,58.1831,94.7592,43.66,71,4.81562525,100,Russian Federation,1635185019,0
tiznit,29.5833,-9.5,67.32,60,1.7398388,0,Morocco,1635185020,0
aras,42.5617,-2.356,57.72,74,1.28002426,40,Spain,1635185020,0
takaungu,-3.6837,39.8566,78.01,84,2.19343963,88,Kenya,1635185020,1
lingyuan,41.24,119.4011,49.46,76,1.51614524,99,China,1635185020,0
salinopolis,-0.6136,-47.3561,84.13,74,3.75929455,96,Brazil,1635185021,1
saint-augustin,51.226,-58.6502,45.23,47,2.87073402,61,Canada,1635185021,0
mount gambier,-37.8333,140.7667,38.16,93,1.70877025,21,Australia,1635184827,1
paracuru,-3.41,-39.0306,86.02,58,4.44901636,55,Brazil,1635185021,1
goma,-1.6792,29.2228,64.15,86,0.8264234300000001,99,"Congo, Democratic Republic of the",1635184815,1
hosdurga,13.7981,76.2861,71.53,77,1.16817748,44,India,1635185022,0
wamba,8.9333,8.6,79.84,72,0.91341537,26,Nigeria,1635185022,0
baghdad,33.3406,44.4009,73.31,27,0.95691134,0,Iraq,1635184773,0
husavik,66.0449,-17.3389,31.26,81,2.43577432,39,Iceland,1635185023,0
ciudad bolivar,8.1222,-63.5497,87.69,60,3.28083888,71,"Venezuela, Bolivarian Republic of",1635184728,0
dhanaula,30.2833,75.5833,68.29,62,1.68391541,0,India,1635185023,0
hirado,33.3597,129.5531,61.36,59,4.04512521,0,Japan,1635185023,0
praia da vitoria,38.7333,-27.0667,69.76,79,2.33014125,75,Portugal,1635185023,0
nome,64.5011,-165.4064,24.87,80,3.19384694,40,United States of America,1635185019,0
tooele,40.5308,-112.2983,66.97,42,13.42782731,1,United States of America,1635184766,0
harper,4.375,-7.7169,78.82,78,2.65325417,91,Liberia,1635185024,0
linxia,35.6003,103.2064,37.78,95,1.12468151,100,China,1635185024,0
erice,38.037,12.5865,59.99,86,2.59111707,55,Italy,1635185024,0
touros,-5.1989,-35.4608,84.31,57,4.90261719,5,Brazil,1635184826,1
plettenberg bay,-34.0527,23.3716,60.04,90,2.90180257,5,South Africa,1635184832,1
ostersund,63.1792,14.6357,43.25,87,1.92003639,84,Sweden,1635185025,0
puerto escondido,15.85,-97.0667,88.63,58,1.92003639,20,Mexico,1635185025,0
marsa matruh,31.3525,27.2453,70.97,73,3.77793568,15,Egypt,1635185026,0
fort collins,40.5853,-105.0844,75.81,43,0.95691134,1,United States of America,1635184979,0
kang,-23.6752,22.7876,81.43,9,2.06916543,37,Botswana,1635185026,1
hayrabolu,41.2131,27.1069,51.26,66,2.9950082200000003,7,Turkey,1635185026,0
chegdomyn,51.1167,133.0167,27.88,94,0.77671375,0,Russian Federation,1635185027,0
aitape,-3.1374,142.3475,76.96,89,0.77671375,86,Papua New Guinea,1635185027,1
svetlaya,46.5389,138.3297,44.42,63,1.60935089,0,Russian Federation,1635185027,0
marawi,7.9986,124.2928,68.65,91,0.47224196,95,Philippines,1635185028,0
simpang,-1.2667,104.0833,74.79,95,0.3728226,60,Indonesia,1635185028,1
fasa,28.9383,53.6482,61.56,22,0.38525002,0,"Iran, Islamic Republic of",1635185028,0
ingleside,27.8778,-97.2117,89.83,79,0.27961695000000003,75,United States of America,1635184855,0
pevek,69.7008,170.3133,-2.18,98,1.10604038,100,Russian Federation,1635185029,0
ronneby,56.21,15.276,46.9,100,0.95691134,20,Sweden,1635185029,0
mfou,3.7159,11.6427,69.98,97,0.47224196,88,Cameroon,1635185029,0
codrington,-38.2667,141.9667,38.73,92,2.13130253,2,Australia,1635185030,1
kavaratti,10.5669,72.642,82.54,75,4.33716958,43,India,1635185030,0
buraydah,26.326,43.975,76.8,23,3.62880664,0,Saudi Arabia,1635185030,0
wawa,9.9022,4.4192,83.71,48,0.90720166,24,Nigeria,1635185030,0
tazovskiy,67.4667,78.7,17.38,92,3.36161711,91,Russian Federation,1635185031,0
jerusalem,31.769,35.2163,63.12,87,0.55302019,0,Israel,1635185012,0
soyo,-6.1349,12.3689,77.32,82,2.7340324000000003,100,Angola,1635184843,1
nanning,22.8167,108.3167,64.45,69,0.7518589099999999,2,China,1635185031,0
badou,7.5833,0.6,77.2,85,0.49088309,51,Togo,1635185031,0
mishan,45.55,131.8833,41.79,57,1.0998266700000001,5,China,1635185032,0
geraldton,-28.7667,114.6,54.01,94,2.2369356000000002,75,Australia,1635185032,1
bubaque,11.2833,-15.8333,83.28,73,1.7522662199999999,100,Guinea-Bissau,1635184842,0
quang ngai,15.1167,108.8,73.78,92,1.74605251,100,Viet Nam,1635185032,0
dukat,62.55,155.55,7.32,96,0.90720166,100,Russian Federation,1635185033,0
kholtoson,50.2981,103.3097,30.38,64,1.23031458,52,Russian Federation,1635185033,0
iquique,-20.2208,-70.1431,64.56,65,1.19924603,4,Chile,1635184864,1
sistranda,63.7256,8.834,52.9,83,2.8583065999999997,99,Norway,1635184848,0
alofi,-19.0595,-169.9187,69.69,88,0.95691134,40,Niue,1635185033,1
norman wells,65.282,-126.8329,23.04,93,0.95691134,75,Canada,1635184752,0
krasnopavlivka,49.1372,36.3272,36.14,50,1.1184678000000001,15,Ukraine,1635185034,0
adre,13.4667,22.2,84.43,22,2.24936302,28,Chad,1635185034,0
mogadishu,2.0371,45.3438,79.56,79,3.12549613,67,Somalia,1635185034,0
boffa,10.1667,-14.0333,82.51,89,0.88234682,100,Guinea,1635185035,0
marck,50.949,1.9433,54.99,86,4.5484357200000005,39,France,1635185035,0
fenoarivo atsinanana,-17.3667,49.4167,75.49,83,1.6155646000000001,67,Madagascar,1635185035,1
bosaso,11.2842,49.1816,81.27,64,1.37322991,85,Somalia,1635185036,0
benguela,-12.5763,13.4055,74.57,74,1.98217349,77,Angola,1635184832,1
mackenzie,55.2999,-123.1698,40.08,94,0.45360083,100,Canada,1635185036,0
leh,34.1667,77.5833,29.89,65,0.28583066,85,India,1635185036,0
bo rai,12.5728,102.5371,74.19,92,1.5347863700000002,88,Thailand,1635185037,0
jyvaskyla,62.2415,25.7209,44.94,94,2.2369356000000002,90,Finland,1635185037,0
doha,25.2867,51.5333,84.09,62,2.2369356000000002,0,Qatar,1635184978,0
sisimiut,66.9395,-53.6735,18.63,72,3.1503509700000003,4,Greenland,1635185037,0
mumford,5.2618,-0.759,79.81,85,4.11968973,55,Ghana,1635185037,0
sunam,30.1333,75.8,68.54,61,1.7025565400000002,0,India,1635185038,0
zeya,53.75,127.2667,35.11,90,0.56544761,99,Russian Federation,1635185038,0
banff,51.1762,-115.5698,46.9,70,2.59111707,82,Canada,1635185038,0
esperance,-33.8667,121.9,54.32,82,3.06335903,99,Australia,1635185039,1
tibati,6.4667,12.6333,69.85,91,1.2738105499999999,46,Cameroon,1635185039,0
la peca,-5.6111,-78.435,85.5,53,1.21788716,73,Peru,1635185039,1
fulda,50.5516,9.6752,49.95,79,0.27961695000000003,99,Germany,1635185039,0
tomatlan,19.9333,-105.25,88.92,56,0.24233469000000002,95,Mexico,1635185040,0
hohhot,40.8106,111.6522,44.13,37,1.5347863700000002,63,China,1635185040,0
shingu,33.7333,135.9833,57.38,87,1.29245168,78,Japan,1635185040,0
lavrentiya,65.5833,-171,17.46,80,2.78995579,100,Russian Federation,1635185041,0
longyearbyen,78.2186,15.6401,21.04,58,5.75389546,40,Svalbard and Jan Mayen,1635185041,0
santa cruz cabralia,-16.2781,-39.0247,79.03,89,2.87694773,75,Brazil,1635185042,1
kamariotissa,40.4833,25.4667,55.45,63,8.18345607,3,Greece,1635185043,0
taranagar,28.6709,75.0351,73.06,54,1.83925816,0,India,1635185043,0
mahebourg,-20.4081,57.7,74.25,72,4.64164137,14,Mauritius,1635185043,1
betera,39.5833,-0.45,66.24,75,0.8326371400000001,40,Spain,1635185044,0
esil,51.9556,66.4042,50.22,45,3.98298811,100,Kazakhstan,1635185044,0
belyy yar,53.6039,91.3903,48.09,61,3.106855,0,Russian Federation,1635185044,0
mmabatho,-25.85,25.6333,65.1,75,5.33757689,57,South Africa,1635185045,1
abu samrah,35.3029,37.1841,68.49,42,1.60313718,49,Syrian Arab Republic,1635184889,0
gombong,-7.6072,109.5142,79.83,80,0.61515729,98,Indonesia,1635185045,1
sitka,57.0531,-135.33,44.2,67,0.9506976300000001,67,United States of America,1635184762,0
inverness,57.4791,-4.224,45.99,85,0.8326371400000001,20,United Kingdom of Great Britain and Northern Ireland,1635184757,0
livingston,55.9029,-3.5226,46.58,87,3.19384694,20,United Kingdom of Great Britain and Northern Ireland,1635185045,0
aldama,22.9167,-98.0667,87.82,63,1.50993153,100,Mexico,1635185046,0
half moon bay,37.4636,-122.4286,62.47,79,2.2369356000000002,1,United States of America,1635184821,0
leshukonskoye,64.8989,45.7622,17.96,98,0.34796776,91,Russian Federation,1635185046,0
sao joao evangelista,-18.5478,-42.7633,78.1,70,2.31771383,97,Brazil,1635185046,1
fortuna foothills,32.6578,-114.4119,81.7,49,1.9448912299999999,1,United States of America,1635185047,0
iracoubo,5.4802,-53.2011,81.77,77,3.03850419,56,French Guiana,1635185047,0
naze,28.3667,129.4833,66.79,66,3.49831873,30,Japan,1635185047,0
pathein,16.7833,94.7333,75.13,94,0.58408874,22,Myanmar,1635185047,0
gambiran,-6.7988,111.4951,77.49,82,1.01904844,26,Indonesia,1635185048,1
zapolyarnyy,69.4154,30.8136,22.28,93,0.91341537,100,Russian Federation,1635185048,0
saint george,37.1041,-113.5841,77.47,28,0.8326371400000001,12,United States of America,1635184770,0
hun,29.1268,15.9477,78.19,33,1.9076089699999998,5,Libya,1635185049,0
gbarnga,6.9956,-9.4722,73.51,98,0.7145766499999999,99,Liberia,1635185049,0
yumen,40.2833,97.2,39.72,45,0.42874598999999997,77,China,1635184853,0
ilulissat,69.2167,-51.1,0.75,79,1.1184678000000001,0,Greenland,1635185049,0
ahuimanu,21.4447,-157.8378,80.31,67,4.156971990000001,20,United States of America,1635185050,0
bellevue,47.6104,-122.2007,59.34,62,1.9448912299999999,100,United States of America,1635184801,0
zagan,51.6176,15.3149,50.54,70,2.06295172,100,Poland,1635185050,0
valera,9.3178,-70.6036,80.58,82,0.54680648,43,"Venezuela, Bolivarian Republic of",1635185050,0
teeli,51.0333,90.2333,34.18,68,0.35418147,76,Russian Federation,1635185051,0
lashio,22.9333,97.75,64.18,99,0.36039518,69,Myanmar,1635185051,0
privas,44.5833,4.5,55.54,73,1.1184678000000001,19,France,1635185051,0
kapit,2.0167,112.9333,73.69,99,0.19262501,98,Malaysia,1635185051,0
lompoc,34.6391,-120.4579,59.77,90,2.2369356000000002,90,United States of America,1635184895,0
hobyo,5.3505,48.5268,80.98,73,2.8893751500000002,70,Somalia,1635184848,0
bow island,49.8668,-111.3684,54.0,36,4.1010485999999995,100,Canada,1635184821,0
murray bridge,-35.1167,139.2667,58.75,57,1.85168558,1,Australia,1635184821,1
ulladulla,-35.35,150.4667,52.88,78,1.16196377,7,Australia,1635185052,1
loreto,22.2667,-101.9667,69.1,36,3.6598751899999997,100,Mexico,1635184979,0
whyalla,-33.0333,137.5833,49.89,66,0.95691134,1,Australia,1635185052,1
mackay,-21.15,149.2,76.68,77,1.55964121,97,Australia,1635184805,1
nizhneangarsk,55.7833,109.55,33.35,80,1.77712106,97,Russian Federation,1635185053,0
yanam,16.7333,82.2167,75.67,85,0.94448392,17,India,1635185053,0
barreirinhas,-2.7469,-42.8264,90.48,48,3.92085101,4,Brazil,1635184831,1
banda aceh,5.5577,95.3222,78.73,83,1.39808475,96,Indonesia,1635185053,0
skibbereen,51.55,-9.2667,51.6,83,2.86452031,100,Ireland,1635185054,0
skagen,57.7209,10.5839,52.27,86,5.15116559,93,Denmark,1635185054,0
moussoro,13.6408,16.4901,94.62,14,3.45482276,14,Chad,1635185054,0
ostrovnoy,68.0531,39.5131,20.41,90,2.0815928500000003,16,Russian Federation,1635184820,0
komoro,36.3167,138.4333,46.74,93,0.70214923,100,Japan,1635185055,0
tilichiki,60.4667,166.1,21.6,97,1.59070976,100,Russian Federation,1635185055,0
brunswick,41.2381,-81.8418,63.73,87,0.55302019,75,United States of America,1635185055,0
pokhara,28.2333,83.9833,59.38,75,2.0443105900000003,0,Nepal,1635184982,0
faya,18.3851,42.4509,63.12,72,1.03147586,22,Saudi Arabia,1635185056,0
sinnamary,5.3833,-52.95,79.14,89,3.01986306,67,French Guiana,1635185056,0
parakou,9.3372,2.6303,81.46,56,0.50952422,29,Benin,1635185056,0
harrisonburg,38.4496,-78.8689,77.68,51,0.27961695000000003,1,United States of America,1635184877,0
ormond beach,29.2858,-81.0559,86.02,71,3.19384694,75,United States of America,1635185057,0
yamethin,20.4333,96.15,72.72,91,0.77050004,15,Myanmar,1635185057,0
tairua,-37.0167,175.85,60.1,98,1.09361296,68,New Zealand,1635185057,1
rawlins,41.7911,-107.2387,63.03,37,6.7108068,1,United States of America,1635185057,0
bafia,4.75,11.2333,72.9,94,0.94448392,70,Cameroon,1635185058,0
hanna,51.6334,-111.9018,49.86,64,3.8897824599999997,100,Canada,1635185058,0
saint-georges,12.0564,-61.7485,82.83,73,5.33136318,99,Grenada,1635185058,0
saint anthony,45.0205,-93.218,52.66,52,0.55302019,1,United States of America,1635185059,0
sampit,-2.5333,112.95,74.41,92,0.30447179,94,Indonesia,1635185059,1
lima,-12.0432,-77.0282,63.14,72,2.2369356000000002,90,Peru,1635184721,1
barcelos,41.5388,-8.6151,64.85,83,1.8454718700000001,39,Portugal,1635185059,0
quthing,-30.4,27.7003,57.54,73,0.50331051,96,Lesotho,1635185059,1
saint-pierre,-21.3393,55.4781,74.88,76,3.19384694,75,Réunion,1635185060,1
neuquen,-38.9516,-68.0591,80.49,24,3.19384694,0,Argentina,1635185060,1
tulle,45.3333,1.8333,55.15,94,0.31689921,97,France,1635185060,0
agadir,30.4202,-9.5982,66.65,70,1.92003639,0,Morocco,1635184858,0
vardo,70.3705,31.1107,33.78,80,3.51695986,75,Norway,1635185061,0
palana,59.1167,159.9667,29.14,97,6.71702051,100,Russian Federation,1635185061,0
venice,27.0998,-82.4543,87.28,80,3.8897824599999997,100,United States of America,1635184951,0
nanortalik,60.1432,-45.2371,32.85,67,1.60313718,21,Greenland,1635185061,0
carman,49.4992,-98.0016,46.71,57,4.89640348,8,Canada,1635185062,0
egvekinot,66.3167,-179.1667,0.18,88,2.13130253,44,Russian Federation,1635185062,0
urucara,-2.5364,-57.76,98.76,34,1.36080249,99,Brazil,1635185062,1
kidal,18.4411,1.4078,94.33,14,1.64041944,76,Mali,1635185063,0
mandan,46.8267,-100.8896,46.58,81,7.35081893,90,United States of America,1635185063,0
bodden town,19.2833,-81.25,89.6,66,2.2369356000000002,20,Cayman Islands,1635184999,0
novaya lyalya,59.055,60.599,29.84,73,2.22450818,100,Russian Federation,1635185063,0
portland,45.5234,-122.6762,60.21,64,1.6652742800000002,100,United States of America,1635184593,0
alekseyevka,50.6309,38.6903,34.12,53,1.05011699,22,Russian Federation,1635185064,0
prabumulih,-3.45,104.25,74.16,97,0.5778750300000001,68,Indonesia,1635185064,1
lamu,-2.2717,40.902,79.02,84,2.1250888199999998,88,Kenya,1635185064,1
simpang empat,4.95,100.6333,81.97,94,0.5219516399999999,99,Malaysia,1635185065,0
umm lajj,25.0213,37.2685,79.88,60,1.8019759,0,Saudi Arabia,1635185065,0
roma,43.2128,-75.4557,71.38,88,3.19384694,90,United States of America,1635185027,0
peniche,39.3558,-9.3811,67.48,85,3.6660889,17,Portugal,1635185065,0
uusikaupunki,60.8004,21.4084,46.92,84,3.70337116,100,Finland,1635185066,0
bukama,-9.2,25.85,74.14,77,0.49088309,97,"Congo, Democratic Republic of the",1635185066,1
paamiut,61.994,-49.6678,37.11,54,4.05133892,26,Greenland,1635185066,0
baena,37.6167,-4.3225,69.62,36,0.44117341,83,Spain,1635185067,0
asau,46.4333,26.4,40.75,68,0.47224196,0,Romania,1635185067,0
sur,22.5667,59.5289,81.66,64,1.47264927,0,Oman,1635185067,0
aranos,-24.1333,19.1167,79.32,12,3.0757864500000003,0,Namibia,1635185068,1
mayo,38.8876,-76.5119,80.38,65,2.22450818,89,United States of America,1635185068,0
chimoio,-19.1164,33.4833,70.97,68,1.92003639,25,Mozambique,1635185068,1
omboue,-1.5746,9.2618,77.43,87,2.6718953,100,Gabon,1635185069,1
